Order_ID,Customer_ID,Order_Date,Order_Amount,Order_Status,Currency
ORD001,CUST101,2026-09-01,1250.00,Completed,INR
ORD002,CUST102,2026-09-01,850.00,Completed,INR
ORD003,CUST103,2026-09-02,2400.00,Shipped,INR
ORD004,CUST104,2026-09-02,560.00,Pending,INR
ORD005,CUST105,2026-09-03,1750.00,Completed,INR
ORD006,CUST106,2026-09-03,920.00,Shipped,INR
ORD007,CUST107,2026-09-04,3100.00,Completed,INR
ORD008,CUST108,2026-09-04,450.00,Pending,INR
ORD009,CUST109,2026-09-05,1280.00,Completed,INR
ORD010,CUST110,2026-09-05,760.00,Shipped,INR
ORD011,CUST111,2026-09-06,2100.00,Completed,INR
ORD012,CUST112,2026-09-06,990.00,Pending,INR
ORD013,CUST113,2026-09-07,1450.00,Shipped,INR
ORD014,CUST114,2026-09-07,680.00,Completed,INR
ORD015,CUST115,2026-09-08,2250.00,Completed,INR
